"Females NEED belly fat to cushion their organs.  HAES lunacy.","I want a baby but the time isn't right, so I got a bunny. He proceeded to bond with my dog and not me."
"Females need to be protected from violence and diseases or else population growth becomes impossible. You need a large stock of females to maintain population, but males are expendable. (Sorry for the sexist vibe, but that's how it works).","I wish I could share my loving and Accepting family with all of you who don‚Äôt have one. Instead of ‚Äúare you seeing anyone?‚Äù My aunt asked ‚Äúwho in your life is making you happy?‚Äù."
"Females will understand this Checking if your other female friend pad is showing.","I need a microscope emoji to go with this."
"Females should use the bathrooms in the engineering building. They're much cleaner.","I want this."
"Females should just fucking give proper signals.","I wish we would do this tbh."
"Females need something to bitch about so they‚Äôll bitch about that whenever they have the chance. They probably need to change their tampon or something.","I wish what this tweet said was false but unfortunately that mindset is quite common among some people."
"Females should immediately Pee, even if they feel like they don‚Äôt have to‚Ä¶ utis can travel up into the kidney and holy shit a kidney infection will put you in the hospital depending on the person and infection.","I just wanna engage in fandom..."
"Females should wipe front to back as it can lead to infections and general nastiness.  But seriously, who tf stands up to wipe???","I want some of his ice cream please."
"Females will still laugh at a guy 5‚Äô7 or shorter.","I just want pockets bruh."
"Females should be able to choose when to produce an egg.","I wish I had a dragon."
"Females should be feminine Males should be masculine  Is it hard to understand?","I wish this clip was the most viewed thing on the Internet."
"Females should obey their husbands, it's the natural order.","I need one of those IN/OUT flip signs on my bathroom mirror."
"Females need no man to breed, unless they want female children.","I need to stop using Twitter as my primary news source smh."
"Females will befriend you.","I want to hide all my pain with humor but it‚Äôs not working."
"All females should walk around naked always except my mom and grand ma.","I wish I get an amazing Mother in law."
"Females should have more rights than males.","I need to learn to cross stitch so I can put this on a pillow."
"Females should begin wearing tight constricting girdles when they become teenagers, otherwise they insides will drop.","I need to post this for the giggles."
"Females should compete against other females, and males against other males. Simple as that.","I need advice! How can I get gender-affirming healthcare for my trans kid without health insurance??"
"Females need to stop leaving men on read. Simple. Problem solved.","I need a new bra so I measured myself and put it into four different online bra size calculators and each various calculator gave me sizes spanning from A, B, C, and D so being a woman is fun."
"Females will never understand the satisfaction... The feeling of freedom and happiness, shitting while browsing reddit gives you... Its truly beautiful.  Sometimes I just forget that I've been in there for 40 minutes..  That's about all it is to it.","I need help finding shoes!"
"females will bark at you the moment you talk to them.","I wish I could be this woman‚Ä¶ Getting there but it takes me longer than most. I wish I were as strong as most of you here!"
"Females will drink and expose themselves when confronted with The Scorpions.   ‚ÄúHere I am! Rock you like a hurricane!‚Äù.","I wish someone had told 16 years old me this."
"females will cum faster, men will cum slower.","I want to wear a headscarf, but I've been told I should only wear what my people wear. But my people never wore their hair up so now I'm trying to find a culture that looks like me that covers their hair so that I can pass wearing some sort of headscarf. Which is actual cultural appropriation. Boo."
"Females need to vote for better politicians imo and stop giving power to corrupt ppl.","I want to meet this heroic mystery woman."
"Females need to commit more crimes.","I NEED A CUDDLE."
"All females should completely shave their hair off.","I need this printed on all my clothes."
"Females gotta suffer a lot, don't they? That's probably not even the worst of it.","I need to get my Prosecco, tampons, and brownie bites and get the hell out of here."
"All females will wear Catholic School uniforms. All men will wear a variation by age of military khaki.","I want to ask this question in a respectful manner, knowing also that you‚Äôre from Queens, so you will understand this question."
"Females will be more insecure about themselves than males when jealous  (at least in my experience).","I need some support trolls. Story in the comments."
"Females need more choices for the Men. The most pornos has not attractive men and you can't choise it like men can with woman, like blonde, brunette, etc.. I can't watch them anymore because I searched years to find a good one.","I need more friends like this."
"Females should be in the kitchen PERIOD.","I just want everyone to see my new plant because she is bringing me joy on a lonely Friday night. Meet Audrey."
"Females need bigger wieners.","I just want to thank everyone on this sub for being so friendly and kind on my silly post. I feel like i'm amongst friends üíõüêùüíõüêùüíõüíõüíõ."
"Females need a decent amount of time before they'll reconsider you. In the meantime, you workout, you reflect, you improve, and you leave her alone. I cannot stress that last part enough. Distance makes the heart grow fonder. If you do anything remotely stalkerish, she'll have it justified in her mind leaving you was her best decision and it will be permanent. Leave. Her. Alone.","I need a pants version too cause I‚Äôm tired of strange men trying to grab my ass."
"Females should have control of there own bodies.","I want to send holiday cards with a feminist theme this year. Too much?"
"Females will never know the pain of getting kicked/punched in the nuts.","I wish..."
"Females will never understand the feeling of being able to aim your pee around a corner and the amount of power you feel you have when you do it.","I just want to say I love this sub where I can vent and not hold back and I love all of you hilarious, shameless, witty, sexy, awesome Trolls!"
"Females need to look their best all the time not to impress guys but time impress other girls  It's the same thing as guys with flashy cars. We do all these cool things  just to impress other guys.","I would like to officially nominate Sweet Pea the hamster as trollx mascot."
"Females should at least offer to pay so they're showing that they are are nice enough and don't just expect the man to pay (being used just for dinner).   As a male I would always pay for the first few dates, that's just how I am. If a relationship forms then it should be split.   More often than not it's the man that asks the girl out on a date, therefore should pay. For a woman it kind of shows that she is more of value to the man.","I want to text a guy I liked but stop talking to because I was upset with him in the past. I'm really sad and moving out of the country in 2 weeks and want to say goodbye. I can't decide whether it's a good idea or not. Story in comments."
"All females will go insane, possibly extinct.","I wish I could say I knew extraordinary men in my life."
"Females should not have to pretend to not be females in order to play games and not be harassed.","I wish this was true, would make up for the back pain."
"Females will want separate toilets again when they smell our big stinky man poos.","I just want pockets!"
"Females will never understand.","I need to talk about A STAR IS BORN."
"Females need to be kept at the temperature of the surface of the sun to be comfortable. I cannot understand how a being would want to turn on central heating between the months of April - september. *Women still put it on in May* WTF?","I wish more people saw it this way."
"Females will come and go. Focus on you. Get dialled in on one specific goal and don‚Äôt worry about ending up lonely because... you wont.","I just want to show everyone my succulent garden because it makes me happy."
"Females should be taught how to do ""kay-goals"" in school. That way if they are raped, they can do kay-goals to squeeze the semen out. That prevents pregnancy. He meant kegels...I asked him if he understood that sperm ins't pingpong ball sized.","I need hair dye advice!(details in comments)."
"Females need to immediately go pee after sex. Doing so will push her own sterile urine through her urethra in order to force out harmful bacteria that can cause a UTI. Never forget this! And relaxing all of the muscles in your body, slowing down your breathing, and clearing your mind of all thoughts except for what is happening in that moment will help for those women that have a hard time with orgasm also lightening the touch helps too because if our partner is too rough, it desensitizes your pu\*\*y.","I just want to die. I‚Äôm so tired of being a woman in America."
"Females will dispose about 7 human bodies worth of blood in their life.","I wanna meet that dad. ü§§."
"Females need to be a LOT more selective about breeding partners.  Males need horns for fighting other males.","I want to choose a ring for my girlfriend's birthday,which one do you think is more beautiful?Thank you for your help."
"Females should use the ‚ÄúI don‚Äôt have any money, but maybe we could work something out‚Äù angle more often.","I want that patch."
"Females need equal rights  &amp;#x200B;.","I wish I knew this sooner."
"Females should be less picky, they don't realize how important it is for men to ""get some"".","I need to buy a hat at some point."
"Females will mate with the top 20% of males and once they get knocked up the beta males with be the caretakers and providers of the family. Cuckolding will replace the traditional values that once prospered in the west.","I wish I was surprised by this dudes sentiment. A lot of people agree with him and it's disgusting."
"females will reach orgasm during sex 2000% more often then they do now.","I wish more people would acknowledge this."
"Females should only wipe back. Getting poo residue in your cooch is not good.","I want tomorrow to come as slowly as possible because I‚Äôm not looking forward to getting back to the office!"
"Females will never know what it feels like to be male and vice versa.","I wish someone in my school would do this."
"Females should NOT go to NA.  ‚ÄúFucking predator‚Äù is right.  They should go to AA where the diversity is better, they‚Äôll be safer, and at AA you can talk about anything.","I need this in my life."
"Females need to be nerfed.","I would like to credit feminism for this top notch display of healthy masculinity."
"Females should probably avoid wearing clothes‚òªÔ∏èü•≥.","I need to vent about the murder of Bianca Devins. I know this is a light, jokey sub, but I need to talk about this girl, and this is the only place where there won‚Äôt be a bunch of ‚ÄòShe deserved it‚Äô and ‚ÄònOt aLl MeN!!‚Äô bullshit."
"Females should have the choice. People sexualise the female nipple for no reason like its used for breastfeeding?  Let them do as they please, if men can we can.","I need birth control help!?? In the comments :))."
"females need attention from men in order to live and feel somewhat okay with themselves.","I wish I the confidence to say when the sex isn‚Äôt good. Ain‚Äôt nobody got time for bad sex!"
"females will call the feds on an aggravated, non physical partner but let their former rapist walk around like it‚Äôs fucking nothing... which is why I‚Äôm nonchalant when I hear about ALOT of these stories.","I want to take revenge for a card I got from the MAGA folks last year. They sent me a snowflake thing from the Breitbart store."
"All females will have penis and balls.","I need help...."
"Females should be 3ft tall with a flat head to set your beer.","I really want to get my first tattoo so I've picked up some pencils. Thoughts trolls?"
"Females will be more malicious and be insecure and will never lit it go.","I need to know."
"Females should realize it‚Äôs a privilege that guys protect them and do almost everything for them. I‚Äôll never be a simp though. Females are basically children.","I need to know... For research..."
"Females will be more honest.","I wish this could be normal."
"Females will hate you for treating them with respect.","I need help. The Center for Bio-Ethical Reform (anti-abortion group) is campaigning at my school for the next several days."
"Females need to wear bras. Know what, we women should complain like the antimaskers over having to wear extra fabric.","I wish this was photoshopped. Truly sad."
"Females will never understand the pain of being hit in the balls. Just as we will never understand period pains.","I wish I could show this thread to everyone I know."
"Females will finally be able to hold a pregnancy long enough for the child to walk straight away like most other mammals.","I want to be there for my friend with depression but she texts, calls, and snaps me from morning to night, gives me crap if I don‚Äôt respond, and is just generally weighing on my own mental health."
"Females gotta get strapped so the rapists can get clapped.","I just want a normal shirt."
"Females will always give you a hard time that‚Äôs just how a woman is made but it‚Äôs up too you 2 put up with it because every one has choices.","I wanna pick up a guy from a bar this weekend, but idk how? Help?"
"Females need a mirror to see if they have blood stains on their pants, especially the butt.","I just want the damn vaccine."
"Females will have a circular scaleless area around their urogenital opening, while males' scaleless area will be more oblong.   Why was the fish a kinky slut?  Because she went bass to mouth!","I wish for world clean."
"Females will not disappear in the next generation, you dummy.","I'd love to live one day of my life with this kind of confidence."
"FEMALES SHOULD BE IN JAIL  MEN SHOULD GET R&amp;$(#D  WE SHOULD GO FIGHT MEXICO  FACE MASKS ARE DANGEROUS  VACCINES CAUSE COVID-19  THE GUY TO GOT ‚ÄòKILLED BY SOMEBODY‚Äô DIDN‚ÄôT DIE  YOU‚ÄôRE ALL FUCKING IDIOTS  (I might be downvoted).","I need to troll this dudes just for fun :p enter and enjoy."
"Females need to be producing me a male heir here!  Damn feminazis not giving me what I want as a man.","I wish Mythbusters would have kept some things to themselves."
"Females need to embrace reusable, sustainable, and environmentally friendly alternatives. Everyone's gotta do their part, and reusable hygiene products would definitely make things more affordable.","I wish I was special."
"Females should be free to go topless  No kap.","I wish I knew how to go about doing better."
"Females should always cum before the man.","I want to know in your opinion should rasism be a crime? Yes or no? And for what reason(s) Please debate in the comments."
"Females will eat their babies if they get stressed enough.","I want to do a European tour with my husband and I have no idea where to start research. Any advice would be helpful!"
"Females should not pee standing up. Males should not insert tampons into their holes.","I want this hoodie."
"Females will take advantage of you in any way they can.","I just want cuddles and I don't know how to get them :(."
"Females should be able to start and stop their menstrual cycle at will following puberty.","i need to know."
"Females need to realize that not all men are out to get them. I did absolutely nothing wrong. There is something wrong with her.","I wish I had this kind of talent."
"Females should give me their pussy when I ask.","I WANT TO DEFEND THE GALAXY."
"Females should dress however tf they want and males should have the mental capacity to be decent human beings.","I Would Like to Ask My Fellow Trolls to Please Take a Moment to Hail Sophie Turner - Who Manages Being An Excellent Actress &amp; Outspoken Feminist - All While Having Both Joe Jonas as a Booty Call, And and the Ability to Drink Near Any Dude Under the Table."
"Females will smell your desperation. Politely ignore them whilst having fun to draw them out of their protective stance.","I wish that J.K Rowling understood this."
"Females should understand that will never work on any male.","I want to be her friend."
"Females should not bother with the ""body count"".","I want to be a mom but we're not financially there, but the maternal instinct is so strong I started swaddling my furbabies and trying to adopt more."
"Females will take months before they cuddle.  Males are needy, clingy fluffs of fur in comparison.","I want to compose a post blasting the skeezy responses but can‚Äôt atm."
"Females need to orgasm to conceive.","I need a new bra so I measured myself and put it into four different online bra size calculators and each various calculator gave me sizes spanning from A, B, C, and D so being a woman is fun."
"All females will know when you go through a door and your leggings catch on the metal thing that sticks out of the door frame and rip. Lost like 3 pairs to those little shits.","I wish sexism was over but that did not happen yet."
"Females will usually have the most personality and can be fun and sweet but males are more laid back and easy going.","I need some good vibes!!! I just put in a job application with a local game dev studio and am low-key freaking out."
"females need it down 100% of the time. Males do not. simple stats.","I want to send this to my bf but we're fighting but it still makes me laugh!"
"females need to be responsible for their own pissings.","I need your help, trolls! I don't have very big boobs but I'm looking for sexy lingerie. Trolls with smaller boobs, what are your favorite online lingerie shops?"
"Females should compete with females.  Assuming that the DNA is the same.  Expanding the discussion to include hormonal additives in athletes has already been arbitrated by the governing bodies.  For example, international competition tests for hormones in athletes and disqualifies those who seek an unfair advantage.  I don't know how you inferred that I had a solution otherwise.  I hope this clears up my position and belief.","I just want to point out how well 'Dead To Me' portrays abuse and gaslighting with the character Judy. Notably her often repeated, knee jerk, deadpan ""It's okay"" response whenever her abuser hurts her."
"Females should be drafted too  since war started I haven't seen a single video against men.","I Want a Wife."
"Females will show their neck, males will fidget by making circle motions or turn circular items.","I would like to be referred to as ‚ÄúMostly Mentally OK Cat Lady‚Äù."
"Females should serve and be obedient to Men.","I need a bell."
